England E92000001	http://opendatacommunities.org/id/geography/administration/ctry/E92000001	UnitedKingdom/England	England	administrative-area
City of London E09000001	http://opendatacommunities.org/id/geography/administration/lonb/E09000001	UnitedKingdom/England/GreaterLondon/London/CityofLondon	City of London	administrative-area
Barking and Dagenham E09000002	http://opendatacommunities.org/id/geography/administration/lonb/E09000002	UnitedKingdom/England/GreaterLondon/LondonBoroughofBarkingandDagenham	London Borough of Barking and Dagenham	administrative-area
Barnet E09000003	http://opendatacommunities.org/id/geography/administration/lonb/E09000003	UnitedKingdom/England/GreaterLondon/LondonBoroughofBarnet	London Borough of Barnet	administrative-area
Bexley E09000004	http://opendatacommunities.org/id/geography/administration/lonb/E09000004	UnitedKingdom/England/GreaterLondon/LondonBoroughofBexley	London Borough of Bexley	administrative-area
Brent E09000005	http://opendatacommunities.org/id/geography/administration/lonb/E09000005	UnitedKingdom/England/GreaterLondon/LondonBoroughofBrent	London Borough of Brent	administrative-area
Bromley E09000006	http://opendatacommunities.org/id/geography/administration/lonb/E09000006	UnitedKingdom/England/GreaterLondon/Bromley	Bromley	administrative-area
Camden E09000007	http://opendatacommunities.org/id/geography/administration/lonb/E09000007	UnitedKingdom/England/GreaterLondon/LondonBoroughofCamden	London Borough of Camden	administrative-area
Croydon E09000008	http://opendatacommunities.org/id/geography/administration/lonb/E09000008	UnitedKingdom/England/GreaterLondon/Croydon	Croydon	administrative-area
Ealing E09000009	http://opendatacommunities.org/id/geography/administration/lonb/E09000009	UnitedKingdom/England/GreaterLondon/LondonBoroughofEaling	London Borough of Ealing	administrative-area
Enfield E09000010	http://opendatacommunities.org/id/geography/administration/lonb/E09000010	UnitedKingdom/England/GreaterLondon/Enfield	Enfield	administrative-area
Greenwich E09000011	http://opendatacommunities.org/id/geography/administration/lonb/E09000011	UnitedKingdom/England/GreaterLondon/London/Greenwich	Greenwich	administrative-area
Hackney E09000012	http://opendatacommunities.org/id/geography/administration/lonb/E09000012	UnitedKingdom/England/GreaterLondon/LondonBoroughofHackney	London Borough of Hackney	administrative-area
Hammersmith and Fulham E09000013	http://opendatacommunities.org/id/geography/administration/lonb/E09000013	UnitedKingdom/England/GreaterLondon/LondonBoroughofHammersmithandFulham	London Borough of Hammersmith and Fulham	administrative-area
Haringey E09000014	http://opendatacommunities.org/id/geography/administration/lonb/E09000014	UnitedKingdom/England/GreaterLondon/LondonBoroughofHaringey	London Borough of Haringey	administrative-area
Harrow E09000015	http://opendatacommunities.org/id/geography/administration/lonb/E09000015	UnitedKingdom/England/GreaterLondon/Harrow	Harrow	administrative-area
Havering E09000016	http://opendatacommunities.org/id/geography/administration/lonb/E09000016	UnitedKingdom/England/GreaterLondon/LondonBoroughofHavering	London Borough of Havering	administrative-area
Hillingdon E09000017	http://opendatacommunities.org/id/geography/administration/lonb/E09000017	UnitedKingdom/England/GreaterLondon/LondonBoroughofHillingdon	London Borough of Hillingdon	administrative-area
Hounslow E09000018	http://opendatacommunities.org/id/geography/administration/lonb/E09000018	UnitedKingdom/England/GreaterLondon/LondonBoroughofHounslow	London Borough of Hounslow	administrative-area
Islington E09000019	http://opendatacommunities.org/id/geography/administration/lonb/E09000019	UnitedKingdom/England/GreaterLondon/LondonBoroughofIslington	London Borough of Islington	administrative-area
Kensington and Chelsea E09000020	http://opendatacommunities.org/id/geography/administration/lonb/E09000020	UnitedKingdom/England/GreaterLondon/RoyalBoroughofKensingtonandChelsea	Royal Borough of Kensington and Chelsea	administrative-area
Kingston upon Thames E09000021	http://opendatacommunities.org/id/geography/administration/lonb/E09000021	UnitedKingdom/England/GreaterLondon/KingstonuponThames	Kingston upon Thames	administrative-area
Lambeth E09000022	http://opendatacommunities.org/id/geography/administration/lonb/E09000022	UnitedKingdom/England/GreaterLondon/LondonBoroughofLambeth	London Borough of Lambeth	administrative-area
Lewisham E09000023	http://opendatacommunities.org/id/geography/administration/lonb/E09000023	UnitedKingdom/England/GreaterLondon/LondonBoroughofLewisham	London Borough of Lewisham	administrative-area
Merton E09000024	http://opendatacommunities.org/id/geography/administration/lonb/E09000024	UnitedKingdom/England/GreaterLondon/LondonBoroughofMerton	London Borough of Merton	administrative-area
Newham E09000025	http://opendatacommunities.org/id/geography/administration/lonb/E09000025	UnitedKingdom/England/GreaterLondon/LondonBoroughofNewham	London Borough of Newham	administrative-area
Redbridge E09000026	http://opendatacommunities.org/id/geography/administration/lonb/E09000026	UnitedKingdom/England/GreaterLondon/LondonBoroughofRedbridge	London Borough of Redbridge	administrative-area
Richmond upon Thames E09000027	http://opendatacommunities.org/id/geography/administration/lonb/E09000027	UnitedKingdom/England/GreaterLondon/LondonBoroughofRichmonduponThames	London Borough of Richmond upon Thames	administrative-area
Southwark E09000028	http://opendatacommunities.org/id/geography/administration/lonb/E09000028	UnitedKingdom/England/GreaterLondon/LondonBoroughofSouthwark	London Borough of Southwark	administrative-area
Sutton E09000029	http://opendatacommunities.org/id/geography/administration/lonb/E09000029	UnitedKingdom/England/GreaterLondon/Sutton	Sutton	administrative-area
Tower Hamlets E09000030	http://opendatacommunities.org/id/geography/administration/lonb/E09000030	UnitedKingdom/England/GreaterLondon/LondonBoroughofTowerHamlets	London Borough of Tower Hamlets	administrative-area
Waltham Forest E09000031	http://opendatacommunities.org/id/geography/administration/lonb/E09000031	UnitedKingdom/England/GreaterLondon/LondonBoroughofWalthamForest	London Borough of Waltham Forest	administrative-area
Wandsworth E09000032	http://opendatacommunities.org/id/geography/administration/lonb/E09000032	UnitedKingdom/England/GreaterLondon/LondonBoroughofWandsworth	London Borough of Wandsworth	administrative-area
Westminster E09000033	http://opendatacommunities.org/id/geography/administration/lonb/E09000033	UnitedKingdom/England/GreaterLondon/London/Westminster	Westminster	administrative-area
Bolton E08000001	http://opendatacommunities.org/id/geography/administration/md/E08000001	UnitedKingdom/England/GreaterManchester/Bolton	Bolton	administrative-area
Bury E08000002	http://opendatacommunities.org/id/geography/administration/md/E08000002	UnitedKingdom/England/GreaterManchester/Bury	Bury	administrative-area
Manchester E08000003	http://opendatacommunities.org/id/geography/administration/md/E08000003	UnitedKingdom/England/GreaterManchester/Manchester	Manchester	administrative-area
Oldham E08000004	http://opendatacommunities.org/id/geography/administration/md/E08000004	UnitedKingdom/England/GreaterManchester/Oldham	Oldham	administrative-area
Rochdale E08000005	http://opendatacommunities.org/id/geography/administration/md/E08000005	UnitedKingdom/England/GreaterManchester/Rochdale	Rochdale	administrative-area
Salford E08000006	http://opendatacommunities.org/id/geography/administration/md/E08000006	UnitedKingdom/England/GreaterManchester/Salford	Salford	administrative-area
Stockport E08000007	http://opendatacommunities.org/id/geography/administration/md/E08000007	UnitedKingdom/England/GreaterManchester/Stockport	Stockport	administrative-area
Tameside E08000008	http://opendatacommunities.org/id/geography/administration/md/E08000008	UnitedKingdom/England/GreaterManchester/Tameside	Tameside District	administrative-area
Trafford E08000009	http://opendatacommunities.org/id/geography/administration/md/E08000009	UnitedKingdom/England/GreaterManchester/Trafford	Trafford	administrative-area
Wigan E08000010	http://opendatacommunities.org/id/geography/administration/md/E08000010	UnitedKingdom/England/GreaterManchester/Wigan	Wigan	administrative-area
Knowsley E08000011	http://opendatacommunities.org/id/geography/administration/md/E08000011	UnitedKingdom/England/Merseyside/Knowsley	Knowsley District	administrative-area
Liverpool E08000012	http://opendatacommunities.org/id/geography/administration/md/E08000012	UnitedKingdom/England/Merseyside/Liverpool	Liverpool	administrative-area
St. Helens E08000013	http://opendatacommunities.org/id/geography/administration/md/E08000013	UnitedKingdom/England/Merseyside/SaintHelens	Saint Helens	administrative-area
Sefton E08000014	http://opendatacommunities.org/id/geography/administration/md/E08000014	UnitedKingdom/England/Merseyside/MetropolitanBoroughofSefton	Metropolitan Borough of Sefton	administrative-area
Wirral E08000015	http://opendatacommunities.org/id/geography/administration/md/E08000015	UnitedKingdom/England/Merseyside/Wirral	Wirral	administrative-area
Barnsley E08000016	http://opendatacommunities.org/id/geography/administration/md/E08000016	UnitedKingdom/England/SouthYorkshire/Barnsley	Barnsley	administrative-area
Doncaster E08000017	http://opendatacommunities.org/id/geography/administration/md/E08000017	UnitedKingdom/England/SouthYorkshire/Doncaster	Doncaster	administrative-area
Rotherham E08000018	http://opendatacommunities.org/id/geography/administration/md/E08000018	UnitedKingdom/England/SouthYorkshire/Rotherham	Rotherham	administrative-area
Sheffield E08000019	http://opendatacommunities.org/id/geography/administration/md/E08000019	UnitedKingdom/England/SouthYorkshire/Sheffield	Sheffield	administrative-area
Gateshead E08000020	http://opendatacommunities.org/id/geography/administration/md/E08000020	UnitedKingdom/England/TyneandWear/Gateshead	Gateshead	administrative-area
Newcastle upon Tyne E08000021	http://opendatacommunities.org/id/geography/administration/md/E08000021	UnitedKingdom/England/TyneandWear/NewcastleuponTyne	Newcastle upon Tyne	administrative-area
North Tyneside E08000022	http://opendatacommunities.org/id/geography/administration/md/E08000022	UnitedKingdom/England/TyneandWear/NorthTyneside	North Tyneside District	administrative-area
South Tyneside E08000023	http://opendatacommunities.org/id/geography/administration/md/E08000023	UnitedKingdom/England/TyneandWear/SouthTyneside	South Tyneside	administrative-area
Sunderland E08000024	http://opendatacommunities.org/id/geography/administration/md/E08000024	UnitedKingdom/England/TyneandWear/Sunderland	Sunderland District	administrative-area
Birmingham E08000025	http://opendatacommunities.org/id/geography/administration/md/E08000025	UnitedKingdom/England/WestMidlands/Birmingham	Birmingham	administrative-area
Coventry E08000026	http://opendatacommunities.org/id/geography/administration/md/E08000026	UnitedKingdom/England/WestMidlands/Coventry	Coventry	administrative-area
Dudley E08000027	http://opendatacommunities.org/id/geography/administration/md/E08000027	UnitedKingdom/England/WestMidlands/Dudley	Dudley	administrative-area
Sandwell E08000028	http://opendatacommunities.org/id/geography/administration/md/E08000028	UnitedKingdom/England/WestMidlands/Sandwell	Sandwell District	administrative-area
Solihull E08000029	http://opendatacommunities.org/id/geography/administration/md/E08000029	UnitedKingdom/England/WestMidlands/Solihull	Solihull	administrative-area
Walsall E08000030	http://opendatacommunities.org/id/geography/administration/md/E08000030	UnitedKingdom/England/WestMidlands/Walsall	Walsall	administrative-area
Wolverhampton E08000031	http://opendatacommunities.org/id/geography/administration/md/E08000031	UnitedKingdom/England/WestMidlands/Wolverhampton	Wolverhampton	administrative-area
Bradford E08000032	http://opendatacommunities.org/id/geography/administration/md/E08000032	UnitedKingdom/England/WestYorkshire/Bradford	Bradford	administrative-area
Calderdale E08000033	http://opendatacommunities.org/id/geography/administration/md/E08000033	UnitedKingdom/England/WestYorkshire/Calderdale	Calderdale District	administrative-area
Kirklees E08000034	http://opendatacommunities.org/id/geography/administration/md/E08000034	UnitedKingdom/England/WestYorkshire/MetropolitanBoroughofKirklees	Metropolitan Borough of Kirklees	administrative-area
Leeds E08000035	http://opendatacommunities.org/id/geography/administration/md/E08000035	UnitedKingdom/England/WestYorkshire/Leeds	Leeds	administrative-area
Wakefield E08000036	http://opendatacommunities.org/id/geography/administration/md/E08000036	UnitedKingdom/England/WestYorkshire/Wakefield	Wakefield	administrative-area
Gateshead E08000037	http://opendatacommunities.org/id/geography/administration/md/E08000037	UnitedKingdom/England/TyneandWear/Gateshead	Gateshead	administrative-area
Aylesbury Vale E07000004	http://opendatacommunities.org/id/geography/administration/nmd/E07000004	UnitedKingdom/England/Buckinghamshire/AylesburyVale	Aylesbury Vale District	administrative-area
Chiltern E07000005	http://opendatacommunities.org/id/geography/administration/nmd/E07000005	UnitedKingdom/England/Buckinghamshire/HighWycombe/ChilternHills	Chiltern Hills	administrative-area
South Bucks E07000006	http://opendatacommunities.org/id/geography/administration/nmd/E07000006	UnitedKingdom/England/Buckinghamshire/SouthBucks	South Bucks District	administrative-area
Wycombe E07000007	http://opendatacommunities.org/id/geography/administration/nmd/E07000007	UnitedKingdom/England/Buckinghamshire/Wycombe	Wycombe District	administrative-area
Cambridge E07000008	http://opendatacommunities.org/id/geography/administration/nmd/E07000008	UnitedKingdom/England/Cambridgeshire/Cambridge	Cambridge	administrative-area
East Cambridgeshire E07000009	http://opendatacommunities.org/id/geography/administration/nmd/E07000009	UnitedKingdom/England/Cambridgeshire/EastCambridgeshire	East Cambridgeshire District	administrative-area
Fenland E07000010	http://opendatacommunities.org/id/geography/administration/nmd/E07000010	UnitedKingdom/England/Cambridgeshire/Fenland	Fenland	administrative-area
Huntingdonshire E07000011	http://opendatacommunities.org/id/geography/administration/nmd/E07000011	UnitedKingdom/England/Cambridgeshire/Huntingdonshire	Huntingdonshire District	administrative-area
South Cambridgeshire E07000012	http://opendatacommunities.org/id/geography/administration/nmd/E07000012	UnitedKingdom/England/Cambridgeshire/SouthCambridgeshire	South Cambridgeshire District	administrative-area
Allerdale E07000026	http://opendatacommunities.org/id/geography/administration/nmd/E07000026	UnitedKingdom/England/Cumbria/Allerdale	Allerdale District	administrative-area
Barrow-in-Furness E07000027	http://opendatacommunities.org/id/geography/administration/nmd/E07000027	UnitedKingdom/England/Cumbria/Barrow-in-Furness	Barrow-in-Furness	administrative-area
Carlisle E07000028	http://opendatacommunities.org/id/geography/administration/nmd/E07000028	UnitedKingdom/England/Cumbria/Carlisle	Carlisle	administrative-area
Copeland E07000029	http://opendatacommunities.org/id/geography/administration/nmd/E07000029	UnitedKingdom/England/Cumbria/Copeland	Copeland District	administrative-area
Eden E07000030	http://opendatacommunities.org/id/geography/administration/nmd/E07000030	UnitedKingdom/England/Cumbria/Eden	Eden District	administrative-area
South Lakeland E07000031	http://opendatacommunities.org/id/geography/administration/nmd/E07000031	UnitedKingdom/England/Cumbria/SouthLakeland	South Lakeland District	administrative-area
Amber Valley E07000032	http://opendatacommunities.org/id/geography/administration/nmd/E07000032	UnitedKingdom/England/Derbyshire/AmberValley	Amber Valley District	administrative-area
Bolsover E07000033	http://opendatacommunities.org/id/geography/administration/nmd/E07000033	UnitedKingdom/England/Derbyshire/Bolsover	Bolsover	administrative-area
Chesterfield E07000034	http://opendatacommunities.org/id/geography/administration/nmd/E07000034	UnitedKingdom/England/Derbyshire/Chesterfield	Chesterfield	administrative-area
Derbyshire Dales E07000035	http://opendatacommunities.org/id/geography/administration/nmd/E07000035	UnitedKingdom/England/Derbyshire/DerbyshireDales	Derbyshire Dales District	administrative-area
Erewash E07000036	http://opendatacommunities.org/id/geography/administration/nmd/E07000036	UnitedKingdom/England/Derbyshire/Erewash	Erewash District	administrative-area
High Peak E07000037	http://opendatacommunities.org/id/geography/administration/nmd/E07000037	UnitedKingdom/England/Derbyshire/HighPeak	High Peak District	administrative-area
North East Derbyshire E07000038	http://opendatacommunities.org/id/geography/administration/nmd/E07000038	UnitedKingdom/England/NorthEastDerbyshire	North East Derbyshire	administrative-area
South Derbyshire E07000039	http://opendatacommunities.org/id/geography/administration/nmd/E07000039	UnitedKingdom/England/Derbyshire/SouthDerbyshire	South Derbyshire	administrative-area
East Devon E07000040	http://opendatacommunities.org/id/geography/administration/nmd/E07000040	UnitedKingdom/England/Devon/EastDevon	East Devon	administrative-area
Exeter E07000041	http://opendatacommunities.org/id/geography/administration/nmd/E07000041	UnitedKingdom/England/Devon/Exeter	Exeter	administrative-area
Mid Devon E07000042	http://opendatacommunities.org/id/geography/administration/nmd/E07000042	UnitedKingdom/England/Devon/Tiverton	Tiverton	administrative-area
North Devon E07000043	http://opendatacommunities.org/id/geography/administration/nmd/E07000043	UnitedKingdom/England/Devon/NorthDevon	North Devon District	administrative-area
South Hams E07000044	http://opendatacommunities.org/id/geography/administration/nmd/E07000044	UnitedKingdom/England/Devon/SouthHams	South Hams District	administrative-area
Teignbridge E07000045	http://opendatacommunities.org/id/geography/administration/nmd/E07000045	UnitedKingdom/England/Devon/Teignbridge	Teignbridge District	administrative-area
Torridge E07000046	http://opendatacommunities.org/id/geography/administration/nmd/E07000046	UnitedKingdom/England/Devon/Torridge	Torridge District	administrative-area
West Devon E07000047	http://opendatacommunities.org/id/geography/administration/nmd/E07000047	UnitedKingdom/England/Devon/WestDevon	West Devon District	administrative-area
Christchurch E07000048	http://opendatacommunities.org/id/geography/administration/nmd/E07000048	UnitedKingdom/England/Dorset/Christchurch	Christchurch	administrative-area
East Dorset E07000049	http://opendatacommunities.org/id/geography/administration/nmd/E07000049	UnitedKingdom/England/Dorset/EastDorset	East Dorset District	administrative-area
North Dorset E07000050	http://opendatacommunities.org/id/geography/administration/nmd/E07000050	UnitedKingdom/England/Dorset/NorthDorset	North Dorset District	administrative-area
Purbeck E07000051	http://opendatacommunities.org/id/geography/administration/nmd/E07000051	UnitedKingdom/England/Dorset/Purbeck	Purbeck District	administrative-area
West Dorset E07000052	http://opendatacommunities.org/id/geography/administration/nmd/E07000052	UnitedKingdom/England/Dorset/WestDorset	West Dorset District	administrative-area
Weymouth and Portland E07000053	http://opendatacommunities.org/id/geography/administration/nmd/E07000053	UnitedKingdom/England/Dorset/WeymouthandPortland	Weymouth and Portland District	administrative-area
Eastbourne E07000061	http://opendatacommunities.org/id/geography/administration/nmd/E07000061	UnitedKingdom/England/EastSussex/Eastbourne	Eastbourne	administrative-area
Hastings E07000062	http://opendatacommunities.org/id/geography/administration/nmd/E07000062	UnitedKingdom/England/EastSussex/Hastings	Hastings	administrative-area
Lewes E07000063	http://opendatacommunities.org/id/geography/administration/nmd/E07000063	UnitedKingdom/England/EastSussex/Lewes	Lewes	administrative-area
Rother E07000064	http://opendatacommunities.org/id/geography/administration/nmd/E07000064	UnitedKingdom/England/EastSussex/Rother	Rother District	administrative-area
Wealden E07000065	http://opendatacommunities.org/id/geography/administration/nmd/E07000065	UnitedKingdom/England/EastSussex/Wealden	Wealden District	administrative-area
Basildon E07000066	http://opendatacommunities.org/id/geography/administration/nmd/E07000066	UnitedKingdom/England/Essex/Basildon	Basildon	administrative-area
Braintree E07000067	http://opendatacommunities.org/id/geography/administration/nmd/E07000067	UnitedKingdom/England/Essex/Braintree	Braintree	administrative-area
Brentwood E07000068	http://opendatacommunities.org/id/geography/administration/nmd/E07000068	UnitedKingdom/England/Essex/Brentwood	Brentwood	administrative-area
Castle Point E07000069	http://opendatacommunities.org/id/geography/administration/nmd/E07000069	UnitedKingdom/England/Essex/CastlePoint	Castle Point District	administrative-area
Chelmsford E07000070	http://opendatacommunities.org/id/geography/administration/nmd/E07000070	UnitedKingdom/England/Essex/Chelmsford	Chelmsford	administrative-area
Colchester E07000071	http://opendatacommunities.org/id/geography/administration/nmd/E07000071	UnitedKingdom/England/Essex/Colchester	Colchester	administrative-area
Epping Forest E07000072	http://opendatacommunities.org/id/geography/administration/nmd/E07000072	UnitedKingdom/England/Essex/EppingForest	Epping Forest	administrative-area
Harlow E07000073	http://opendatacommunities.org/id/geography/administration/nmd/E07000073	UnitedKingdom/England/Essex/Harlow	Harlow	administrative-area
Maldon E07000074	http://opendatacommunities.org/id/geography/administration/nmd/E07000074	UnitedKingdom/England/Essex/Maldon	Maldon	administrative-area
Rochford E07000075	http://opendatacommunities.org/id/geography/administration/nmd/E07000075	UnitedKingdom/England/Essex/Rochford	Rochford	administrative-area
Tendring E07000076	http://opendatacommunities.org/id/geography/administration/nmd/E07000076	UnitedKingdom/England/Essex/Tendring	Tendring District	administrative-area
Uttlesford E07000077	http://opendatacommunities.org/id/geography/administration/nmd/E07000077	UnitedKingdom/England/Essex/Uttlesford	Uttlesford District	administrative-area
Cheltenham E07000078	http://opendatacommunities.org/id/geography/administration/nmd/E07000078	UnitedKingdom/England/Gloucestershire/Cheltenham	Cheltenham	administrative-area
Cotswold E07000079	http://opendatacommunities.org/id/geography/administration/nmd/E07000079	UnitedKingdom/England/Gloucestershire/Cotswold	Cotswold District	administrative-area
Forest of Dean E07000080	http://opendatacommunities.org/id/geography/administration/nmd/E07000080	UnitedKingdom/Gloucestershire/ForestofDean	Forest of Dean	administrative-area
Gloucester E07000081	http://opendatacommunities.org/id/geography/administration/nmd/E07000081	UnitedKingdom/England/Gloucestershire/Gloucester	Gloucester	administrative-area
Stroud E07000082	http://opendatacommunities.org/id/geography/administration/nmd/E07000082	UnitedKingdom/England/Gloucestershire/Stroud	Stroud	administrative-area
Tewkesbury E07000083	http://opendatacommunities.org/id/geography/administration/nmd/E07000083	UnitedKingdom/England/Gloucestershire/Tewkesbury	Tewkesbury	administrative-area
Basingstoke and Deane E07000084	http://opendatacommunities.org/id/geography/administration/nmd/E07000084	UnitedKingdom/England/Hampshire/BasingstokeandDeane	Basingstoke and Deane District	administrative-area
East Hampshire E07000085	http://opendatacommunities.org/id/geography/administration/nmd/E07000085	UnitedKingdom/England/Hampshire/EastHampshire	East Hampshire District	administrative-area
Eastleigh E07000086	http://opendatacommunities.org/id/geography/administration/nmd/E07000086	UnitedKingdom/England/Hampshire/Eastleigh	Eastleigh	administrative-area
Fareham E07000087	http://opendatacommunities.org/id/geography/administration/nmd/E07000087	UnitedKingdom/England/Hampshire/Fareham	Fareham	administrative-area
Gosport E07000088	http://opendatacommunities.org/id/geography/administration/nmd/E07000088	UnitedKingdom/England/Hampshire/Gosport	Gosport	administrative-area
Hart E07000089	http://opendatacommunities.org/id/geography/administration/nmd/E07000089	UnitedKingdom/England/Hampshire/Hart	Hart District	administrative-area
Havant E07000090	http://opendatacommunities.org/id/geography/administration/nmd/E07000090	UnitedKingdom/England/Hampshire/Havant	Havant	administrative-area
New Forest E07000091	http://opendatacommunities.org/id/geography/administration/nmd/E07000091	UnitedKingdom/England/Hampshire/Lyndhurst/NewForestNationalPark	New Forest National Park	administrative-area
Rushmoor E07000092	http://opendatacommunities.org/id/geography/administration/nmd/E07000092	UnitedKingdom/England/Hampshire/Rushmoor	Rushmoor District	administrative-area
Test Valley E07000093	http://opendatacommunities.org/id/geography/administration/nmd/E07000093	UnitedKingdom/England/Hampshire/TestValley	Test Valley District	administrative-area
Winchester E07000094	http://opendatacommunities.org/id/geography/administration/nmd/E07000094	UnitedKingdom/England/Hampshire/Winchester	Winchester	administrative-area
Broxbourne E07000095	http://opendatacommunities.org/id/geography/administration/nmd/E07000095	UnitedKingdom/England/Hertfordshire/Broxbourne	Broxbourne	administrative-area
Dacorum E07000096	http://opendatacommunities.org/id/geography/administration/nmd/E07000096	UnitedKingdom/England/Hertfordshire/Dacorum	Dacorum District	administrative-area
East Hertfordshire E07000097	http://opendatacommunities.org/id/geography/administration/nmd/E07000097	UnitedKingdom/England/Hertfordshire/EastHertfordshire	East Hertfordshire	administrative-area
Hertsmere E07000098	http://opendatacommunities.org/id/geography/administration/nmd/E07000098	UnitedKingdom/England/Hertfordshire/Hertsmere	Hertsmere	administrative-area
North Hertfordshire E07000099	http://opendatacommunities.org/id/geography/administration/nmd/E07000099	UnitedKingdom/England/Hertfordshire/NorthHertfordshire	North Hertfordshire District	administrative-area
St Albans E07000100	http://opendatacommunities.org/id/geography/administration/nmd/E07000100	UnitedKingdom/England/Hertfordshire/SaintAlbans	Saint Albans	administrative-area
Stevenage E07000101	http://opendatacommunities.org/id/geography/administration/nmd/E07000101	UnitedKingdom/England/Hertfordshire/Stevenage	Stevenage	administrative-area
Three Rivers E07000102	http://opendatacommunities.org/id/geography/administration/nmd/E07000102	UnitedKingdom/England/Hertfordshire/ThreeRivers	Three Rivers District	administrative-area
Watford E07000103	http://opendatacommunities.org/id/geography/administration/nmd/E07000103	UnitedKingdom/England/Hertfordshire/Watford	Watford	administrative-area
Welwyn Hatfield E07000104	http://opendatacommunities.org/id/geography/administration/nmd/E07000104	UnitedKingdom/England/Hertfordshire/WelwynHatfield	Welwyn Hatfield	administrative-area
Ashford E07000105	http://opendatacommunities.org/id/geography/administration/nmd/E07000105	UnitedKingdom/England/Kent/Ashford	Ashford	administrative-area
Canterbury E07000106	http://opendatacommunities.org/id/geography/administration/nmd/E07000106	UnitedKingdom/England/Kent/Canterbury	Canterbury	administrative-area
Dartford E07000107	http://opendatacommunities.org/id/geography/administration/nmd/E07000107	UnitedKingdom/England/Kent/Dartford	Dartford	administrative-area
Dover E07000108	http://opendatacommunities.org/id/geography/administration/nmd/E07000108	UnitedKingdom/England/Kent/Dover	Dover	administrative-area
Gravesham E07000109	http://opendatacommunities.org/id/geography/administration/nmd/E07000109	UnitedKingdom/England/Kent/Gravesham	Gravesham District	administrative-area
Maidstone E07000110	http://opendatacommunities.org/id/geography/administration/nmd/E07000110	UnitedKingdom/England/Kent/Maidstone	Maidstone	administrative-area
Sevenoaks E07000111	http://opendatacommunities.org/id/geography/administration/nmd/E07000111	UnitedKingdom/England/Kent/Sevenoaks	Sevenoaks	administrative-area
Shepway E07000112	http://opendatacommunities.org/id/geography/administration/nmd/E07000112	UnitedKingdom/England/Kent/Shepway	Shepway District	administrative-area
Swale E07000113	http://opendatacommunities.org/id/geography/administration/nmd/E07000113	UnitedKingdom/England/Kent/Swale	Swale District	administrative-area
Thanet E07000114	http://opendatacommunities.org/id/geography/administration/nmd/E07000114	UnitedKingdom/England/Kent/Thanet	Thanet District	administrative-area
Tonbridge and Malling E07000115	http://opendatacommunities.org/id/geography/administration/nmd/E07000115	UnitedKingdom/England/Kent/TonbridgeandMalling	Tonbridge and Malling District	administrative-area
Tunbridge Wells E07000116	http://opendatacommunities.org/id/geography/administration/nmd/E07000116	UnitedKingdom/England/Kent/TunbridgeWells/RoyalTunbridgeWells	Royal Tunbridge Wells	administrative-area
Burnley E07000117	http://opendatacommunities.org/id/geography/administration/nmd/E07000117	UnitedKingdom/England/Lancashire/Burnley	Burnley	administrative-area
Chorley E07000118	http://opendatacommunities.org/id/geography/administration/nmd/E07000118	UnitedKingdom/England/Lancashire/Chorley	Chorley	administrative-area
Fylde E07000119	http://opendatacommunities.org/id/geography/administration/nmd/E07000119	UnitedKingdom/England/Lancashire/Fylde	Fylde District	administrative-area
Hyndburn E07000120	http://opendatacommunities.org/id/geography/administration/nmd/E07000120	UnitedKingdom/England/Lancashire/Hyndburn	Hyndburn District	administrative-area
Lancaster E07000121	http://opendatacommunities.org/id/geography/administration/nmd/E07000121	UnitedKingdom/England/Lancashire/Lancaster	Lancaster	administrative-area
Pendle E07000122	http://opendatacommunities.org/id/geography/administration/nmd/E07000122	UnitedKingdom/England/Lancashire/Pendle	Pendle District	administrative-area
Preston E07000123	http://opendatacommunities.org/id/geography/administration/nmd/E07000123	UnitedKingdom/England/Lancashire/Preston	Preston	administrative-area
Ribble Valley E07000124	http://opendatacommunities.org/id/geography/administration/nmd/E07000124	UnitedKingdom/England/Lancashire/RibbleValley	Ribble Valley District	administrative-area
Rossendale E07000125	http://opendatacommunities.org/id/geography/administration/nmd/E07000125	UnitedKingdom/England/Lancashire/Rossendale	Rossendale District	administrative-area
South Ribble E07000126	http://opendatacommunities.org/id/geography/administration/nmd/E07000126	UnitedKingdom/England/Lancashire/SouthRibble	South Ribble District	administrative-area
West Lancashire E07000127	http://opendatacommunities.org/id/geography/administration/nmd/E07000127	UnitedKingdom/England/Lancashire/WestLancashire	West Lancashire District	administrative-area
Wyre E07000128	http://opendatacommunities.org/id/geography/administration/nmd/E07000128	UnitedKingdom/England/Lancashire/Preston	Preston	administrative-area
Blaby E07000129	http://opendatacommunities.org/id/geography/administration/nmd/E07000129	UnitedKingdom/England/Leicestershire/Blaby	Blaby	administrative-area
Charnwood E07000130	http://opendatacommunities.org/id/geography/administration/nmd/E07000130	UnitedKingdom/England/Leicestershire/Charnwood	Charnwood	administrative-area
Harborough E07000131	http://opendatacommunities.org/id/geography/administration/nmd/E07000131	UnitedKingdom/England/Leicestershire/Harborough	Harborough District	administrative-area
Hinckley and Bosworth E07000132	http://opendatacommunities.org/id/geography/administration/nmd/E07000132	UnitedKingdom/England/Leicestershire/HinckleyandBosworth	Hinckley and Bosworth	administrative-area
Melton E07000133	http://opendatacommunities.org/id/geography/administration/nmd/E07000133	UnitedKingdom/England/Leicestershire/BoroughofMelton	Borough of Melton	administrative-area
North West Leicestershire E07000134	http://opendatacommunities.org/id/geography/administration/nmd/E07000134	UnitedKingdom/England/Leicestershire/NorthWestLeicestershire	North West Leicestershire District	administrative-area
Oadby and Wigston E07000135	http://opendatacommunities.org/id/geography/administration/nmd/E07000135	UnitedKingdom/England/Leicestershire/OadbyandWigston	Oadby and Wigston District	administrative-area
Boston E07000136	http://opendatacommunities.org/id/geography/administration/nmd/E07000136	UnitedKingdom/England/Lincolnshire/Boston	Boston	administrative-area
East Lindsey E07000137	http://opendatacommunities.org/id/geography/administration/nmd/E07000137	UnitedKingdom/England/Lincolnshire/EastLindsey	East Lindsey District	administrative-area
Lincoln E07000138	http://opendatacommunities.org/id/geography/administration/nmd/E07000138	UnitedKingdom/England/Lincolnshire/Lincoln	Lincoln	administrative-area
North Kesteven E07000139	http://opendatacommunities.org/id/geography/administration/nmd/E07000139	UnitedKingdom/England/Lincolnshire/NorthKesteven	North Kesteven District	administrative-area
South Holland E07000140	http://opendatacommunities.org/id/geography/administration/nmd/E07000140	UnitedKingdom/England/Lincolnshire/SouthHolland	South Holland District	administrative-area
South Kesteven E07000141	http://opendatacommunities.org/id/geography/administration/nmd/E07000141	UnitedKingdom/England/Lincolnshire/SouthKesteven	South Kesteven District	administrative-area
West Lindsey E07000142	http://opendatacommunities.org/id/geography/administration/nmd/E07000142	UnitedKingdom/England/Lincolnshire/WestLindsey	West Lindsey District	administrative-area
Breckland E07000143	http://opendatacommunities.org/id/geography/administration/nmd/E07000143	UnitedKingdom/England/Norfolk/Breckland	Breckland District	administrative-area
Broadland E07000144	http://opendatacommunities.org/id/geography/administration/nmd/E07000144	UnitedKingdom/England/Norfolk/Broadland	Broadland	administrative-area
Great Yarmouth E07000145	http://opendatacommunities.org/id/geography/administration/nmd/E07000145	UnitedKingdom/England/Norfolk/GreatYarmouth	Great Yarmouth	administrative-area
King's Lynn and West Norfolk E07000146	http://opendatacommunities.org/id/geography/administration/nmd/E07000146	UnitedKingdom/England/Norfolk/King'sLynnandWestNorfolk	King's Lynn and West Norfolk District	administrative-area
North Norfolk E07000147	http://opendatacommunities.org/id/geography/administration/nmd/E07000147	UnitedKingdom/England/Norfolk/NorthNorfolk	North Norfolk District	administrative-area
Norwich E07000148	http://opendatacommunities.org/id/geography/administration/nmd/E07000148	UnitedKingdom/England/Norfolk/Norwich	Norwich	administrative-area
South Norfolk E07000149	http://opendatacommunities.org/id/geography/administration/nmd/E07000149	UnitedKingdom/England/Norfolk/SouthNorfolk	South Norfolk District	administrative-area
Corby E07000150	http://opendatacommunities.org/id/geography/administration/nmd/E07000150	UnitedKingdom/England/Northamptonshire/Corby	Corby	administrative-area
Daventry E07000151	http://opendatacommunities.org/id/geography/administration/nmd/E07000151	UnitedKingdom/England/Northamptonshire/Daventry	Daventry	administrative-area
East Northamptonshire E07000152	http://opendatacommunities.org/id/geography/administration/nmd/E07000152	UnitedKingdom/England/Northamptonshire/EastNorthamptonshire	East Northamptonshire District	administrative-area
Kettering E07000153	http://opendatacommunities.org/id/geography/administration/nmd/E07000153	UnitedKingdom/England/Northamptonshire/Kettering	Kettering	administrative-area
Northampton E07000154	http://opendatacommunities.org/id/geography/administration/nmd/E07000154	UnitedKingdom/England/Northamptonshire/Northampton	Northampton	administrative-area
South Northamptonshire E07000155	http://opendatacommunities.org/id/geography/administration/nmd/E07000155	UnitedKingdom/England/Northamptonshire/SouthNorthamptonshire	South Northamptonshire District	administrative-area
Wellingborough E07000156	http://opendatacommunities.org/id/geography/administration/nmd/E07000156	UnitedKingdom/England/Northamptonshire/Wellingborough	Wellingborough	administrative-area
Craven E07000163	http://opendatacommunities.org/id/geography/administration/nmd/E07000163	UnitedKingdom/England/NorthYorkshire/Craven	Craven District	administrative-area
Hambleton E07000164	http://opendatacommunities.org/id/geography/administration/nmd/E07000164	UnitedKingdom/England/NorthYorkshire/Hambleton	Hambleton District	administrative-area
Harrogate E07000165	http://opendatacommunities.org/id/geography/administration/nmd/E07000165	UnitedKingdom/England/NorthYorkshire/Harrogate	Harrogate	administrative-area
Richmondshire E07000166	http://opendatacommunities.org/id/geography/administration/nmd/E07000166	UnitedKingdom/England/NorthYorkshire/Richmondshire	Richmondshire	administrative-area
Ryedale E07000167	http://opendatacommunities.org/id/geography/administration/nmd/E07000167	UnitedKingdom/England/NorthYorkshire/Ryedale	Ryedale District	administrative-area
Scarborough E07000168	http://opendatacommunities.org/id/geography/administration/nmd/E07000168	UnitedKingdom/England/NorthYorkshire/Scarborough	Scarborough	administrative-area
Selby E07000169	http://opendatacommunities.org/id/geography/administration/nmd/E07000169	UnitedKingdom/England/NorthYorkshire/Selby	Selby	administrative-area
Ashfield E07000170	http://opendatacommunities.org/id/geography/administration/nmd/E07000170	UnitedKingdom/England/Nottinghamshire/Ashfield	Ashfield District	administrative-area
Bassetlaw E07000171	http://opendatacommunities.org/id/geography/administration/nmd/E07000171	UnitedKingdom/England/Nottinghamshire/Bassetlaw	Bassetlaw District	administrative-area
Broxtowe E07000172	http://opendatacommunities.org/id/geography/administration/nmd/E07000172	UnitedKingdom/England/Nottinghamshire/Broxtowe	Broxtowe District	administrative-area
Gedling E07000173	http://opendatacommunities.org/id/geography/administration/nmd/E07000173	UnitedKingdom/England/Nottinghamshire/Nottingham/Gedling	Gedling	administrative-area
Mansfield E07000174	http://opendatacommunities.org/id/geography/administration/nmd/E07000174	UnitedKingdom/England/Nottinghamshire/Mansfield	Mansfield	administrative-area
Newark and Sherwood E07000175	http://opendatacommunities.org/id/geography/administration/nmd/E07000175	UnitedKingdom/England/Nottinghamshire/NewarkandSherwood	Newark and Sherwood District	administrative-area
Rushcliffe E07000176	http://opendatacommunities.org/id/geography/administration/nmd/E07000176	UnitedKingdom/England/Nottinghamshire/Rushcliffe	Rushcliffe District	administrative-area
Cherwell E07000177	http://opendatacommunities.org/id/geography/administration/nmd/E07000177	UnitedKingdom/England/Oxfordshire/Cherwell	Cherwell	administrative-area
Oxford E07000178	http://opendatacommunities.org/id/geography/administration/nmd/E07000178	UnitedKingdom/England/Oxfordshire/Oxford	Oxford	administrative-area
South Oxfordshire E07000179	http://opendatacommunities.org/id/geography/administration/nmd/E07000179	UnitedKingdom/England/Oxfordshire/SouthOxfordshire	South Oxfordshire District	administrative-area
Vale of White Horse E07000180	http://opendatacommunities.org/id/geography/administration/nmd/E07000180	UnitedKingdom/England/Oxfordshire/ValeofWhiteHorse	Vale of White Horse District	administrative-area
West Oxfordshire E07000181	http://opendatacommunities.org/id/geography/administration/nmd/E07000181	UnitedKingdom/England/Oxfordshire/WestOxfordshire	West Oxfordshire District	administrative-area
Mendip E07000187	http://opendatacommunities.org/id/geography/administration/nmd/E07000187	UnitedKingdom/England/Somerset/Mendip	Mendip District	administrative-area
Sedgemoor E07000188	http://opendatacommunities.org/id/geography/administration/nmd/E07000188	UnitedKingdom/England/Somerset/Sedgemoor	Sedgemoor	administrative-area
South Somerset E07000189	http://opendatacommunities.org/id/geography/administration/nmd/E07000189	UnitedKingdom/England/Somerset/SouthSomerset	South Somerset District	administrative-area
Taunton Deane E07000190	http://opendatacommunities.org/id/geography/administration/nmd/E07000190	UnitedKingdom/England/Somerset/TauntonDeane	Taunton Deane District	administrative-area
West Somerset E07000191	http://opendatacommunities.org/id/geography/administration/nmd/E07000191	UnitedKingdom/England/Somerset/WestSomerset	West Somerset District	administrative-area
Cannock Chase E07000192	http://opendatacommunities.org/id/geography/administration/nmd/E07000192	UnitedKingdom/England/Staffordshire/CannockChase	Cannock Chase District	administrative-area
East Staffordshire E07000193	http://opendatacommunities.org/id/geography/administration/nmd/E07000193	UnitedKingdom/England/Staffordshire/EastStaffordshire	East Staffordshire District	administrative-area
Lichfield E07000194	http://opendatacommunities.org/id/geography/administration/nmd/E07000194	UnitedKingdom/England/Staffordshire/Lichfield	Lichfield	administrative-area
Newcastle-under-Lyme E07000195	http://opendatacommunities.org/id/geography/administration/nmd/E07000195	UnitedKingdom/England/Staffordshire/Newcastle-under-Lyme	Newcastle-under-Lyme	administrative-area
South Staffordshire E07000196	http://opendatacommunities.org/id/geography/administration/nmd/E07000196	UnitedKingdom/England/Staffordshire/SouthStaffordshire	South Staffordshire District	administrative-area
Stafford E07000197	http://opendatacommunities.org/id/geography/administration/nmd/E07000197	UnitedKingdom/England/Staffordshire/Stafford	Stafford	administrative-area
Staffordshire Moorlands E07000198	http://opendatacommunities.org/id/geography/administration/nmd/E07000198	UnitedKingdom/England/Staffordshire/StaffordshireMoorlands	Staffordshire Moorlands District	administrative-area
Tamworth E07000199	http://opendatacommunities.org/id/geography/administration/nmd/E07000199	UnitedKingdom/England/Staffordshire/Tamworth	Tamworth	administrative-area
Babergh E07000200	http://opendatacommunities.org/id/geography/administration/nmd/E07000200	UnitedKingdom/England/Suffolk/Babergh	Babergh District	administrative-area
Forest Heath E07000201	http://opendatacommunities.org/id/geography/administration/nmd/E07000201	UnitedKingdom/England/Suffolk/ForestHeath	Forest Heath District	administrative-area
Ipswich E07000202	http://opendatacommunities.org/id/geography/administration/nmd/E07000202	UnitedKingdom/England/Suffolk/Ipswich	Ipswich	administrative-area
Mid Suffolk E07000203	http://opendatacommunities.org/id/geography/administration/nmd/E07000203	UnitedKingdom/England/Suffolk/MidSuffolk	Mid Suffolk District	administrative-area
St Edmundsbury E07000204	http://opendatacommunities.org/id/geography/administration/nmd/E07000204	UnitedKingdom/England/Suffolk/StEdmundsbury	St Edmundsbury	administrative-area
Suffolk Coastal E07000205	http://opendatacommunities.org/id/geography/administration/nmd/E07000205	UnitedKingdom/England/Suffolk/SuffolkCoastal	Suffolk Coastal District	administrative-area
Waveney E07000206	http://opendatacommunities.org/id/geography/administration/nmd/E07000206	UnitedKingdom/England/Suffolk/Waveney	Waveney District	administrative-area
Elmbridge E07000207	http://opendatacommunities.org/id/geography/administration/nmd/E07000207	UnitedKingdom/England/Surrey/Elmbridge	Elmbridge	administrative-area
Epsom and Ewell E07000208	http://opendatacommunities.org/id/geography/administration/nmd/E07000208	UnitedKingdom/England/Surrey/Epsom	Epsom	administrative-area
Guildford E07000209	http://opendatacommunities.org/id/geography/administration/nmd/E07000209	UnitedKingdom/England/Surrey/Guildford	Guildford	administrative-area
Mole Valley E07000210	http://opendatacommunities.org/id/geography/administration/nmd/E07000210	UnitedKingdom/England/Surrey/MoleValley	Mole Valley District	administrative-area
Reigate and Banstead E07000211	http://opendatacommunities.org/id/geography/administration/nmd/E07000211	UnitedKingdom/England/Surrey/ReigateandBanstead	Reigate and Banstead District	administrative-area
Runnymede E07000212	http://opendatacommunities.org/id/geography/administration/nmd/E07000212	UnitedKingdom/England/Surrey/Runnymede	Runnymede	administrative-area
Spelthorne E07000213	http://opendatacommunities.org/id/geography/administration/nmd/E07000213	UnitedKingdom/England/Surrey/Spelthorne	Spelthorne District	administrative-area
Surrey Heath E07000214	http://opendatacommunities.org/id/geography/administration/nmd/E07000214	UnitedKingdom/England/Surrey/SurreyHeath	Surrey Heath District	administrative-area
Tandridge E07000215	http://opendatacommunities.org/id/geography/administration/nmd/E07000215	UnitedKingdom/England/Surrey/Tandridge	Tandridge District	administrative-area
Waverley E07000216	http://opendatacommunities.org/id/geography/administration/nmd/E07000216	UnitedKingdom/England/Surrey/Waverley	Waverley District	administrative-area
Woking E07000217	http://opendatacommunities.org/id/geography/administration/nmd/E07000217	UnitedKingdom/England/Surrey/Woking	Woking	administrative-area
North Warwickshire E07000218	http://opendatacommunities.org/id/geography/administration/nmd/E07000218	UnitedKingdom/England/Warwickshire/NorthWarwickshire	North Warwickshire District	administrative-area
Nuneaton and Bedworth E07000219	http://opendatacommunities.org/id/geography/administration/nmd/E07000219	UnitedKingdom/England/Warwickshire/Bedworth	Bedworth	administrative-area
Rugby E07000220	http://opendatacommunities.org/id/geography/administration/nmd/E07000220	UnitedKingdom/England/Warwickshire/Rugby	Rugby	administrative-area
Stratford-on-Avon E07000221	http://opendatacommunities.org/id/geography/administration/nmd/E07000221	UnitedKingdom/England/Warwickshire/Stratford-upon-Avon	Stratford-upon-Avon	administrative-area
Warwick E07000222	http://opendatacommunities.org/id/geography/administration/nmd/E07000222	UnitedKingdom/England/Warwickshire/Warwick	Warwick	administrative-area
Adur E07000223	http://opendatacommunities.org/id/geography/administration/nmd/E07000223	UnitedKingdom/England/WestSussex/Adur	Adur District	administrative-area
Arun E07000224	http://opendatacommunities.org/id/geography/administration/nmd/E07000224	UnitedKingdom/England/WestSussex/Arun	Arun District	administrative-area
Chichester E07000225	http://opendatacommunities.org/id/geography/administration/nmd/E07000225	UnitedKingdom/England/WestSussex/Chichester	Chichester	administrative-area
Crawley E07000226	http://opendatacommunities.org/id/geography/administration/nmd/E07000226	UnitedKingdom/England/WestSussex/Crawley	Crawley	administrative-area
Horsham E07000227	http://opendatacommunities.org/id/geography/administration/nmd/E07000227	UnitedKingdom/England/WestSussex/Horsham	Horsham	administrative-area
Mid Sussex E07000228	http://opendatacommunities.org/id/geography/administration/nmd/E07000228	UnitedKingdom/England/WestSussex/MidSussex	Mid Sussex District	administrative-area
Worthing E07000229	http://opendatacommunities.org/id/geography/administration/nmd/E07000229	UnitedKingdom/England/WestSussex/Worthing	Worthing	administrative-area
Bromsgrove E07000234	http://opendatacommunities.org/id/geography/administration/nmd/E07000234	UnitedKingdom/England/Worcestershire/Bromsgrove	Bromsgrove	administrative-area
Malvern Hills E07000235	http://opendatacommunities.org/id/geography/administration/nmd/E07000235	UnitedKingdom/England/Worcestershire/MalvernHills	Malvern Hills District	administrative-area
Redditch E07000236	http://opendatacommunities.org/id/geography/administration/nmd/E07000236	UnitedKingdom/England/Worcestershire/Redditch	Redditch	administrative-area
Worcester E07000237	http://opendatacommunities.org/id/geography/administration/nmd/E07000237	UnitedKingdom/England/Worcestershire/Worcester	Worcester	administrative-area
Wychavon E07000238	http://opendatacommunities.org/id/geography/administration/nmd/E07000238	UnitedKingdom/England/Worcestershire/Wychavon	Wychavon District	administrative-area
Wyre Forest E07000239	http://opendatacommunities.org/id/geography/administration/nmd/E07000239	UnitedKingdom/England/Worcestershire/WyreForest	Wyre Forest District	administrative-area
St Albans E07000240	http://opendatacommunities.org/id/geography/administration/nmd/E07000240	UnitedKingdom/England/Hertfordshire/SaintAlbans	Saint Albans	administrative-area
Welwyn Hatfield E07000241	http://opendatacommunities.org/id/geography/administration/nmd/E07000241	UnitedKingdom/England/Hertfordshire/WelwynHatfield	Welwyn Hatfield	administrative-area
East Hertfordshire E07000242	http://opendatacommunities.org/id/geography/administration/nmd/E07000242	UnitedKingdom/England/Hertfordshire/EastHertfordshire	East Hertfordshire	administrative-area
Stevenage E07000243	http://opendatacommunities.org/id/geography/administration/nmd/E07000243	UnitedKingdom/England/Hertfordshire/Stevenage	Stevenage	administrative-area
Hartlepool E06000001	http://opendatacommunities.org/id/geography/administration/ua/E06000001	UnitedKingdom/England/Hartlepool/Hartlepool	Hartlepool	administrative-area
Middlesbrough E06000002	http://opendatacommunities.org/id/geography/administration/ua/E06000002	UnitedKingdom/England/Middlesbrough/Middlesbrough	Middlesbrough	administrative-area
Redcar and Cleveland E06000003	http://opendatacommunities.org/id/geography/administration/ua/E06000003	UnitedKingdom/England/RedcarandCleveland	Redcar and Cleveland	administrative-area
Stockton-on-Tees E06000004	http://opendatacommunities.org/id/geography/administration/ua/E06000004	UnitedKingdom/England/Stockton-on-Tees	Stockton-on-Tees	administrative-area
Darlington E06000005	http://opendatacommunities.org/id/geography/administration/ua/E06000005	UnitedKingdom/England/Darlington	Darlington	administrative-area
Halton E06000006	http://opendatacommunities.org/id/geography/administration/ua/E06000006	UnitedKingdom/England/Halton	Halton	administrative-area
Warrington E06000007	http://opendatacommunities.org/id/geography/administration/ua/E06000007	UnitedKingdom/England/Warrington	Warrington	administrative-area
Blackburn with Darwen E06000008	http://opendatacommunities.org/id/geography/administration/ua/E06000008	UnitedKingdom/England/BlackburnwithDarwen	Blackburn with Darwen	administrative-area
Blackpool E06000009	http://opendatacommunities.org/id/geography/administration/ua/E06000009	UnitedKingdom/England/Blackpool	Blackpool	administrative-area
Kingston upon Hull	http://opendatacommunities.org/id/geography/administration/ua/E06000010	UnitedKingdom/England/Hull	Hull	administrative-area
East Riding of Yorkshire E06000011	http://opendatacommunities.org/id/geography/administration/ua/E06000011	UnitedKingdom/England/EastRidingofYorkshire	East Riding of Yorkshire	administrative-area
North East Lincolnshire E06000012	http://opendatacommunities.org/id/geography/administration/ua/E06000012	UnitedKingdom/England/NorthEastLincolnshire 	North East Lincolnshire	non-administrative-area
North Lincolnshire E06000013	http://opendatacommunities.org/id/geography/administration/ua/E06000013	UnitedKingdom/England/NorthLincolnshire	North Lincolnshire	non-administrative-area
York E06000014	http://opendatacommunities.org/id/geography/administration/ua/E06000014	UnitedKingdom/England/York	York	administrative-area
Derby E06000015	http://opendatacommunities.org/id/geography/administration/ua/E06000015	UnitedKingdom/England/Derby	Derby	administrative-area
Leicester E06000016	http://opendatacommunities.org/id/geography/administration/ua/E06000016	UnitedKingdom/England/Leicester	Leicester	administrative-area
Rutland E06000017	http://opendatacommunities.org/id/geography/administration/ua/E06000017	UnitedKingdom/England/Rutland	Rutland	administrative-area
Nottingham E06000018	http://opendatacommunities.org/id/geography/administration/ua/E06000018	UnitedKingdom/England/Nottinghamshire/Nottingham	Nottingham	administrative-area
Herefordshire	http://opendatacommunities.org/id/geography/administration/ua/E06000019	UnitedKingdom/England/Herefordshire	Herefordshire	administrative-area
Telford and Wrekin E06000020	http://opendatacommunities.org/id/geography/administration/ua/E06000020	UnitedKingdom/England/TelfordandWrekin	Telford and Wrekin	administrative-area
Stoke-on-Trent E06000021	http://opendatacommunities.org/id/geography/administration/ua/E06000021	UnitedKingdom/England/Stoke-on-Trent	Stoke-on-Trent	administrative-area
Bath and North East Somerset E06000022	http://opendatacommunities.org/id/geography/administration/ua/E06000022	UnitedKingdom/England/BathandNorthEastSomerset	Bath and North East Somerset	administrative-area
Bristol	http://opendatacommunities.org/id/geography/administration/ua/E06000023	UnitedKingdom/England/CityofBristol	City of Bristol	administrative-area
North Somerset E06000024	http://opendatacommunities.org/id/geography/administration/ua/E06000024	UnitedKingdom/England/NorthSomerset	North Somerset	administrative-area
South Gloucestershire E06000025	http://opendatacommunities.org/id/geography/administration/ua/E06000025	UnitedKingdom/England/SouthGloucestershire	South Gloucestershire	administrative-area
Plymouth E06000026	http://opendatacommunities.org/id/geography/administration/ua/E06000026	UnitedKingdom/England/Plymouth	Plymouth	administrative-area
Torbay E06000027	http://opendatacommunities.org/id/geography/administration/ua/E06000027	UnitedKingdom/England/Torbay	Torbay	administrative-area
Bournemouth E06000028	http://opendatacommunities.org/id/geography/administration/ua/E06000028	UnitedKingdom/England/Bournemouth	Bournemouth	administrative-area
Poole E06000029	http://opendatacommunities.org/id/geography/administration/ua/E06000029	UnitedKingdom/England/Poole	Poole	administrative-area
Swindon E06000030	http://opendatacommunities.org/id/geography/administration/ua/E06000030	UnitedKingdom/England/Swindon	Swindon	administrative-area
Peterborough E06000031	http://opendatacommunities.org/id/geography/administration/ua/E06000031	UnitedKingdom/England/Peterborough	Peterborough	administrative-area
Luton E06000032	http://opendatacommunities.org/id/geography/administration/ua/E06000032	UnitedKingdom/England/Luton	Luton	administrative-area
Southend-on-Sea E06000033	http://opendatacommunities.org/id/geography/administration/ua/E06000033	UnitedKingdom/England/Southend-on-Sea	Southend-on-Sea	administrative-area
Thurrock E06000034	http://opendatacommunities.org/id/geography/administration/ua/E06000034	UnitedKingdom/England/Essex/Thurrock	Thurrock	administrative-area
Medway E06000035	http://opendatacommunities.org/id/geography/administration/ua/E06000035	UnitedKingdom/England/Medway	Medway	administrative-area
Bracknell Forest E06000036	http://opendatacommunities.org/id/geography/administration/ua/E06000036	UnitedKingdom/England/BracknellForest	Bracknell Forest	administrative-area
West Berkshire E06000037	http://opendatacommunities.org/id/geography/administration/ua/E06000037	UnitedKingdom/England/WestBerkshire	West Berkshire	administrative-area
Reading E06000038	http://opendatacommunities.org/id/geography/administration/ua/E06000038	UnitedKingdom/England/Reading	Reading	administrative-area
Slough E06000039	http://opendatacommunities.org/id/geography/administration/ua/E06000039	UnitedKingdom/England/Slough	Slough	administrative-area
Windsor and Maidenhead E06000040	http://opendatacommunities.org/id/geography/administration/ua/E06000040	UnitedKingdom/England/WindsorandMaidenhead	Windsor and Maidenhead	administrative-area
Wokingham E06000041	http://opendatacommunities.org/id/geography/administration/ua/E06000041	UnitedKingdom/England/Wokingham	Wokingham	administrative-area
Milton Keynes E06000042	http://opendatacommunities.org/id/geography/administration/ua/E06000042	UnitedKingdom/England/MiltonKeynes	Milton Keynes	administrative-area
Brighton and Hove E06000043	http://opendatacommunities.org/id/geography/administration/ua/E06000043	UnitedKingdom/England/TheCityofBrightonandHove	The City of Brighton and Hove	administrative-area
Portsmouth E06000044	http://opendatacommunities.org/id/geography/administration/ua/E06000044	UnitedKingdom/England/Portsmouth	Portsmouth	administrative-area
Southampton E06000045	http://opendatacommunities.org/id/geography/administration/ua/E06000045	UnitedKingdom/England/Southampton	Southampton	administrative-area
Isle of Wight E06000046	http://opendatacommunities.org/id/geography/administration/ua/E06000046	UnitedKingdom/England/IsleofWight	Isle of Wight	administrative-area
County Durham E06000047	http://opendatacommunities.org/id/geography/administration/ua/E06000047	UnitedKingdom/England/CountyDurham	County Durham	administrative-area
Northumberland E06000048	http://opendatacommunities.org/id/geography/administration/ua/E06000048	UnitedKingdom/England/Northumberland	Northumberland	administrative-area
Cheshire East E06000049	http://opendatacommunities.org/id/geography/administration/ua/E06000049	UnitedKingdom/England/Cheshire	Cheshire	administrative-area
Cheshire West and Chester E06000050	http://opendatacommunities.org/id/geography/administration/ua/E06000050	UnitedKingdom/England/CheshireWestandChester	Cheshire West and Chester	administrative-area
Shropshire E06000051	http://opendatacommunities.org/id/geography/administration/ua/E06000051	UnitedKingdom/England/Shropshire	Shropshire	administrative-area
Cornwall E06000052	http://opendatacommunities.org/id/geography/administration/ua/E06000052	UnitedKingdom/England/Cornwall	Cornwall	administrative-area
Isles of Scilly E06000053	http://opendatacommunities.org/id/geography/administration/ua/E06000053	UnitedKingdom/England/IslesofScilly	Isles of Scilly	administrative-area
Wiltshire E06000054	http://opendatacommunities.org/id/geography/administration/ua/E06000054	UnitedKingdom/England/Wiltshire	Wiltshire	administrative-area
Bedford E06000055	http://opendatacommunities.org/id/geography/administration/ua/E06000055	UnitedKingdom/England/Bedford	Bedford	administrative-area
Central Bedfordshire E06000056	http://opendatacommunities.org/id/geography/administration/ua/E06000056	UnitedKingdom/England/CentralBedfordshire	Central Bedfordshire	administrative-area
Northumberland E06000057	http://opendatacommunities.org/id/geography/administration/ua/E06000057	UnitedKingdom/England/Northumberland	Northumberland	administrative-area
