http://statistics.gov.scot/data/alcohol-related-discharge	Alcohol Related Hospital Discharge
http://statistics.gov.scot/data/business-births-deaths-and-survival-rates	Business - Births, Deaths and Survival Rates
http://statistics.gov.scot/data/child-dental-health	Child Dental Health
http://statistics.gov.scot/data/crime-clear-up-rates	Crime Clear up Rates
http://statistics.gov.scot/data/crime-survey	Crime Survey
http://statistics.gov.scot/data/earnings	Earnings
http://statistics.gov.scot/data/employment	Employment
http://statistics.gov.scot/data/full-time-employment	Full-Time Employment
http://statistics.gov.scot/data/greenhouse-gas	Greenhouse Gas Emissions
http://statistics.gov.scot/data/healthy-life-expectancy	Healthy Life Expectancy
http://statistics.gov.scot/data/household-waste	Household Waste
http://statistics.gov.scot/data/life-expectancy	Life Expectancy at birth
http://statistics.gov.scot/data/municipal-waste	Municipal Waste
http://statistics.gov.scot/data/poverty	Poverty
http://statistics.gov.scot/data/public-transport	Public Transport
http://statistics.gov.scot/data/recorded-crime	Recorded Crimes and Offences
http://statistics.gov.scot/data/renewable-electricity	Renewable Electricity
http://statistics.gov.scot/data/road-safety	Road Casualties
http://statistics.gov.scot/data/road-transport-expenditure	Road Transport Expenditure
http://statistics.gov.scot/data/road-vehicles	Road Vehicles
http://statistics.gov.scot/data/scottish-health-survey	Scottish Health Survey
http://statistics.gov.scot/data/scottish-house-condition-survey	Scottish House Condition Survey
http://statistics.gov.scot/data/scottish-household-survey	Scottish Household Survey
